Date, ISIN, Scrip Name, NSE Symbol, MWPL, Open Interest, Future Equivalent Open Interest, Limit for Next Day
24-JUL-2026,INE466L01038,360 ONE WAM LIMITED,360ONE,51083894,8851500,4922505.781205,43607193
24-JUL-2026,INE117A01022,ABB INDIA LIMITED,ABB,7946564,6062500,2359313.51204125,5189922
24-JUL-2026,INE674K01013,ADITYA BIRLA CAPITAL LTD.,ABCAPITAL,123720921,62871100,37167635.574937,80367239
24-JUL-2026,INE931S01010,ADANI ENERGY SOLUTION LTD,ADANIENSOL,49139888,32815125,20415838.96686525,26267054
24-JUL-2026,INE423A01024,ADANI ENTERPRISES LIMITED,ADANIENT,49118842,29539164,17659964.99587004,29002934
24-JUL-2026,INE364U01010,ADANI GREEN ENERGY LTD,ADANIGREEN,92816927,47522400,26968865.057382,61207215
24-JUL-2026,INE742F01042,ADANI PORT & SEZ LTD,ADANIPORTS,110514429,33199175,21272444.7522795,83716262
24-JUL-2026,INE814H01029,ADANI POWER LTD,ADANIPOWER,724360180,286325250,166058761.0230895,522083409
24-JUL-2026,INE540L01014,ALKEM LABORATORIES LTD.,ALKEM,7243069,2108250,1566900.79794,5314014
24-JUL-2026,INE371P01015,AMBER ENTERPRISES (I) LTD,AMBER,3263764,4496200,1617407.283908,1483168
24-JUL-2026,INE079A01024,AMBUJA CEMENTS LTD,AMBUJACEM,121709478,108926400,83467133.165996,32156870
24-JUL-2026,INE732I01021,ANGEL ONE LIMITED,ANGELONE,97286577,79282500,29993690.18625,62428557
24-JUL-2026,INE702C01027,APL APOLLO TUBES LTD,APLAPOLLO,29883578,7996100,5553260.008133,22836139
24-JUL-2026,INE437A01024,APOLLO HOSPITALS ENTER. L,APOLLOHOSP,15524629,4177125,2406938.4346575,12341459
24-JUL-2026,INE208A01029,ASHOK LEYLAND LTD,ASHOKLEY,423779104,324370000,162894507.2722,239695641
24-JUL-2026,INE021A01026,ASIAN PAINTS LIMITED,ASIANPAINT,45385909,16719750,9221434.26368,33895179
24-JUL-2026,INE006I01046,ASTRAL LIMITED,ASTRAL,18447449,13883900,7347194.32123475,10177882
24-JUL-2026,INE949L01017,AU SMALL FINANCE BANK LTD,AUBANK,78124588,47573000,28070912.28325,46147446
24-JUL-2026,INE406A01037,AUROBINDO PHARMA LTD,AUROPHARMA,41977935,19784600,11749643.0865285,28129395
24-JUL-2026,INE238A01034,AXIS BANK LIMITED,AXISBANK,306812193,149711250,89193815.89944375,202277767
24-JUL-2026,INE917I01010,BAJAJ AUTO LIMITED,BAJAJ-AUTO,12912877,8229525,2702348.687234,9564884
24-JUL-2026,INE918I01026,BAJAJ FINSERV LTD.,BAJAJFINSV,65885861,20890500,11353359.401119,51238208
24-JUL-2026,INE118A01012,BAJAJ HOLDINGS & INVS LTD,BAJAJHLDNG,5401993,624900,348317.4308325,4783575
24-JUL-2026,INE296A01032,BAJAJ FINANCE LIMITED,BAJFINANCE,368171395,118916250,80814389.497675,268948435
24-JUL-2026,INE545U01014,BANDHAN BANK LIMITED,BANDHANBNK,147442270,326275200,136061392.7956,4008763
24-JUL-2026,INE028A01039,BANK OF BARODA,BANKBARODA,279476623,275464800,143666577.75264,121836214
24-JUL-2026,INE084A01016,BANK OF INDIA,BANKINDIA,181770921,177460400,101562564.420508,71119810
24-JUL-2026,INE171Z01026,BHARAT DYNAMICS LIMITED,BDL,13786716,19029800,7599525.51640425,5497854
24-JUL-2026,INE263A01024,BHARAT ELECTRONICS LTD,BEL,465894408,204630000,116446182.3132695,326153505
24-JUL-2026,INE465A01025,BHARAT FORGE LTD,BHARATFORG,40107751,12417000,7835771.965925,30266591
24-JUL-2026,INE397D01024,BHARTI AIRTEL LIMITED,BHARTIARTL,421856445,87750550,60042585.465911,340721037
24-JUL-2026,INE257A01026,BHEL,BHEL,218493415,189023625,90678960.826,116889783
24-JUL-2026,INE376G01013,BIOCON LIMITED.,BIOCON,108030546,105032500,54641999.07135,47987019
24-JUL-2026,INE472A01039,BLUE STAR LIMITED,BLUESTARCO,19585168,6842550,3230436.5074025,15375473
24-JUL-2026,INE323A01026,BOSCH LIMITED,BOSCHLTD,1005850,475900,204780.10455275,750777
24-JUL-2026,INE029A01011,BHARAT PETROLEUM CORP  LT,BPCL,306020745,86388475,47364398.91563375,243355308
24-JUL-2026,INE216A01030,BRITANNIA INDUSTRIES LTD,BRITANNIA,17867310,3615250,2261186.03427,14712758
24-JUL-2026,INE118H01025,BSE LIMITED,BSE,61182611,20999200,8999193.693082,49124286
24-JUL-2026,INE596I01020,COMPUTER AGE MNGT SER LTD,CAMS,37197674,15129675,7001628.62808475,28336161
24-JUL-2026,INE476A01022,CANARA BANK,CANBK,504315430,629842500,414914485.0974075,64185173
24-JUL-2026,INE736A01011,CENTRAL DEPO SER (I) LTD,CDSL,26647500,24767925,10380639.67494275,14934485
24-JUL-2026,INE067A01029,CG POWER AND IND SOL LTD,CGPOWER,101855520,43869350,21862373.774273,74900370
24-JUL-2026,INE121A01024,CHOLAMANDALAM IN & FIN CO,CHOLAFIN,64859568,22477500,15632355.265475,45984234
24-JUL-2026,INE059A01026,CIPLA LTD,CIPLA,70510364,28160075,12853064.69127475,54131781
24-JUL-2026,INE522F01014,COAL INDIA LTD,COALINDIA,340798858,138719250,73015543.019891,250743372
24-JUL-2026,INE704P01025,COCHIN SHIPYARD LIMITED,COCHINSHIP,12661431,13962000,6875736.170484,5152623
24-JUL-2026,INE591G01025,COFORGE LIMITED,COFORGE,52331255,34449375,18356819.6675905,31357872
24-JUL-2026,INE259A01022,COLGATE PALMOLIVE LTD.,COLPAL,14245222,8646275,4725090.20838925,8807870
24-JUL-2026,INE111A01025,CONTAINER CORP OF IND LTD,CONCOR,51639257,36357500,20749714.024175,28307580
24-JUL-2026,INE299U01018,CROMPT GREA CON ELEC LTD,CROMPTON,96587231,80289600,58348026.2564475,33409843
24-JUL-2026,INE298A01020,CUMMINS INDIA LTD,CUMMINSIND,20374200,6623000,4996996.939012,14358493
24-JUL-2026,INE016A01026,DABUR INDIA LTD,DABUR,82677434,54966250,31900631.020475,46642931
24-JUL-2026,INE00R701025,DALMIA BHARAT LIMITED,DALBHARAT,12425160,6556225,4378541.40902875,7425360
24-JUL-2026,INE148O01028,DELHIVERY LIMITED,DELHIVERY,112291216,61739550,25899506.02731275,80777149
24-JUL-2026,INE361B01024,DIVI S LABORATORIES LTD,DIVISLAB,13600537,7672300,4315050.594504,8605459
24-JUL-2026,INE935N01020,DIXON TECHNO (INDIA) LTD,DIXON,6504348,6361650,2320025.731987,3859104
24-JUL-2026,INE271C01023,DLF LIMITED,DLF,96251298,76441750,50460194.8761955,40978538
24-JUL-2026,INE192R01011,AVENUE SUPERMARTS LIMITED,DMART,22726551,9717300,4838971.289263,16751252
24-JUL-2026,INE089A01031,DR. REDDY S LABORATORIES,DRREDDY,87080351,54651250,14919061.1533375,67807272
24-JUL-2026,INE066A01021,EICHER MOTORS LTD,EICHERMOT,19219348,8979200,4499909.797337,13758470
24-JUL-2026,INE758T01015,ETERNAL LIMITED,ETERNAL,1379083826,327268300,166590154.12251575,1143539480
24-JUL-2026,INE302A01020,EXIDE INDUSTRIES LTD,EXIDEIND,68856800,43221600,16467592.594974,48946367
24-JUL-2026,INE171A01029,FEDERAL BANK LTD,FEDERALBNK,365889239,169845000,103177577.8738,244417199
24-JUL-2026,INE451A01017,FORCE MOTORS LIMITED,FORCEMOT,736885,631775,256176.57558975,443864
24-JUL-2026,INE061F01013,FORTIS HEALTHCARE LTD,FORTIS,51966225,16093650,12022871.13691875,37345042
24-JUL-2026,INE129A01019,GAIL (INDIA) LTD,GAIL,448489660,135531900,78147587.6585645,347917589
24-JUL-2026,INE935A01035,GLENMARK PHARMACEUTICALS,GLENMARK,22582219,15321000,11799919.48232375,9653188
24-JUL-2026,INE776C01039,GMR AIRPORTS LIMITED,GMRAIRPORT,533339406,220884300,127230827.0321505,379441608
24-JUL-2026,INE260B01028,GODFREY PHILLIPS INDIA LT,GODFRYPHLP,6348046,3794175,1659283.46757,4371360
24-JUL-2026,INE102D01028,GODREJ CONSUMER PRODUCTS,GODREJCP,72056552,14100000,10427519.889645,58026204
24-JUL-2026,INE484J01027,GODREJ PROPERTIES LTD,GODREJPROP,21839065,13913250,7941092.26208975,12806019
24-JUL-2026,INE047A01021,GRASIM INDUSTRIES LTD,GRASIM,38058064,16153500,12135451.001975,24019709
24-JUL-2026,INE200A01026,GE VERNOVA T&D INDIA LTD,GVT&D,18819420,4638375,2663443.03543875,15215005
24-JUL-2026,INE066F01020,HINDUSTAN AERONAUTICS LTD,HAL,28450886,10864200,5803380.066003,21224961
24-JUL-2026,INE176B01034,HAVELLS INDIA LIMITED,HAVELLS,38163575,18288000,10199143.170335,26056253
24-JUL-2026,INE860A01027,HCL TECHNOLOGIES LTD,HCLTECH,158152529,61290400,32262561.784448,117982340
24-JUL-2026,INE127D01025,HDFC AMC LIMITED,HDFCAMC,30606078,13054500,6776521.241784,22299252
24-JUL-2026,INE040A01034,HDFC BANK LTD,HDFCBANK,1783013543,606277100,349433029.074092,1344429836
24-JUL-2026,INE795G01014,HDFC LIFE INS CO LTD,HDFCLIFE,161090614,83400900,49048072.114704,103988011
24-JUL-2026,INE158A01026,HERO MOTOCORP LIMITED,HEROMOTOCO,19590239,10373400,5074244.4058175,13536482
24-JUL-2026,INE038A01020,HINDALCO  INDUSTRIES  LTD,HINDALCO,218653306,88032000,59986125.379881,147734515
24-JUL-2026,INE094A01015,HINDUSTAN PETROLEUM CORP,HINDPETRO,143933168,86811750,44199747.313483,92536762
24-JUL-2026,INE030A01027,HINDUSTAN UNILEVER LTD.,HINDUNILVR,97201599,36425100,22303977.749082,70037541
24-JUL-2026,INE267A01025,HINDUSTAN ZINC LIMITED,HINDZINC,178972892,66260250,31996890.28855925,138027357
24-JUL-2026,INE0V6F01027,HYUNDAI MOTOR INDIA LTD,HYUNDAI,21329205,9349725,4653956.90471925,15608787
24-JUL-2026,INE090A01021,ICICI BANK LTD.,ICICIBANK,730556428,180963300,124337657.537986,569690949
24-JUL-2026,INE765G01017,ICICI LOMBARD GIC LIMITED,ICICIGI,32326998,12060100,6388611.22887425,24322036
24-JUL-2026,INE726G01019,ICICI PRU LIFE INS CO LTD,ICICIPRULI,59123321,37061975,20880021.7718275,35287133
24-JUL-2026,INE669E01016,VODAFONE IDEA LIMITED,IDEA,9911451222,8895206700,6144845803.867736,3271032857
24-JUL-2026,INE092T01019,IDFC FIRST BANK LIMITED,IDFCFIRSTB,774014712,624179675,403682017.44808725,331631958
24-JUL-2026,INE022Q01020,INDIAN ENERGY EXC LTD,IEX,133395043,141140100,81520079.797686,45205211
24-JUL-2026,INE053A01029,THE INDIAN HOTELS CO. LTD,INDHOTEL,89743930,38993000,27700382.61603,57556350
24-JUL-2026,INE562A01011,INDIAN BANK,INDIANB,52862157,35039000,15755828.67726,34463220
24-JUL-2026,INE646L01027,INTERGLOBE AVIATION LTD,INDIGO,33882112,15436800,6982815.3983585,25205191
24-JUL-2026,INE095A01012,INDUSIND BANK LIMITED,INDUSINDBK,93362279,69638800,42054444.967178,46639720
24-JUL-2026,INE121J01017,INDUS TOWERS LIMITED,INDUSTOWER,192747135,149396000,105589801.778774,77519976
24-JUL-2026,INE009A01021,INFOSYS LIMITED,INFY,480358910,230282400,117439994.379304,338900970
24-JUL-2026,INE066P01011,INOX WIND LIMITED,INOXWIND,144708707,191616000,116123200.62264,21350071
24-JUL-2026,INE242A01010,INDIAN OIL CORP LTD,IOC,684903861,277704375,160917776.070625,489740891
24-JUL-2026,INE202E01016,INDIAN RENEWABLE ENERGY,IREDA,119011160,144994575,65713414.994828,47347187
24-JUL-2026,INE053F01010,INDIAN RAILWAY FIN CORP L,IRFC,290313356,236871775,91964957.24070075,183832730
24-JUL-2026,INE154A01025,ITC LTD,ITC,1252636416,343601025,184477552.68622475,1005527042
24-JUL-2026,INE749A01030,JINDAL STEEL LIMITED,JINDALSTEL,47028554,21580000,14535624.97614375,30141501
24-JUL-2026,INE758E01017,JIO FIN SERVICES LTD,JIOFIN,503888084,340390450,197263480.7465215,281430199
24-JUL-2026,INE121E01018,JSW ENERGY LIMITED,JSWENERGY,91884320,40455475,24784537.47457675,62505566
24-JUL-2026,INE019A01038,JSW STEEL LIMITED,JSWSTEEL,133262322,52475175,41333858.91516925,85265346
24-JUL-2026,INE797F01020,JUBILANT FOODWORKS LTD,JUBLFOOD,58777042,42622500,20010364.5781625,35827825
24-JUL-2026,INE303R01014,KALYAN JEWELLERS IND LTD,KALYANKJIL,57524664,120047400,33989326.406346,20659104
24-JUL-2026,INE918Z01012,KAYNES TECHNOLOGY IND LTD,KAYNES,4679418,6043950,3863887.484791,581559
24-JUL-2026,INE878B01027,KEI INDUSTRIES LTD.,KEI,9320940,3939425,2119397.79237425,6735495
24-JUL-2026,INE138Y01010,KFIN TECHNOLOGIES LIMITED,KFINTECH,19963417,12622400,5557549.242944,13407696
24-JUL-2026,INE237A01036,KOTAK MAHINDRA BANK LTD,KOTAKBANK,835719519,322740000,222462918.87446,571470624
24-JUL-2026,INE04I401011,KPIT TECHNOLOGIES LIMITED,KPITTECH,24623843,37716925,13750577.91882425,9642072
24-JUL-2026,INE947Q01028,LAURUS LABS LIMITED,LAURUSLABS,58713729,35485800,19151147.0703305,36626895
24-JUL-2026,INE115A01026,LIC HOUSING FINANCE LTD,LICHSGFIN,45183075,36508000,24793174.14543,18130747
24-JUL-2026,INE0J1Y01017,LIFE INSURA CORP OF INDIA,LICI,66412476,44956800,21098669.21313,41993182
24-JUL-2026,INE670K01029,LODHA DEVELOPERS LIMITED,LODHA,41547991,26580000,13977796.93681875,25492794
24-JUL-2026,INE018A01030,LARSEN & TOUBRO LTD.,LT,136114291,34010900,15700593.65840975,113607982
24-JUL-2026,INE498L01015,L&T FINANCE LIMITED,LTF,127778383,102975750,53550374.7896075,67839089
24-JUL-2026,INE214T01019,LTM LIMITED,LTM,13993790,6209550,3424586.1267435,9869514
24-JUL-2026,INE326A01037,LUPIN LIMITED,LUPIN,36444964,10362775,5496127.7784455,29126588
24-JUL-2026,INE101A01026,MAHINDRA & MAHINDRA LTD,M&M,123370506,31966600,18510624.519598,98691356
24-JUL-2026,INE522D01027,MANAPPURAM FINANCE LTD,MANAPPURAM,82205057,85356000,61534024.17836,16560779
24-JUL-2026,INE634S01028,MANKIND PHARMA LIMITED,MANKIND,16930157,5005250,2997902.347005,13085746
24-JUL-2026,INE196A01026,MARICO LIMITED,MARICO,79605726,23683200,14381337.697384,61244102
24-JUL-2026,INE585B01010,MARUTI SUZUKI INDIA LTD.,MARUTI,18059533,7594100,2733299.93763,14423256
24-JUL-2026,INE027H01010,MAX HEALTHCARE INS LTD,MAXHEALTH,111353601,17811675,9969129.78722625,95816791
24-JUL-2026,INE249Z01020,MAZAGON DOCK SHIPBUIL LTD,MAZDOCK,11364224,10939950,5265572.42894325,5530440
24-JUL-2026,INE745G01043,MULTI COMMODITY EXCHANGE,MCX,38177113,19840950,8636781.26284775,27631476
24-JUL-2026,INE180A01020,MAX FINANCIAL SERV LTD,MFSL,34079851,11559600,8824965.734952,23550892
24-JUL-2026,INE775A01035,SAMVRDHNA MTHRSN INTL LTD,MOTHERSON,693577843,236639700,142067449.2154255,516831501
24-JUL-2026,INE338I01027,MOTILAL OSWAL FIN LTD,MOTILALOFS,28863316,16246325,7515812.78111525,19904337
24-JUL-2026,INE356A01018,MPHASIS LIMITED,MPHASIS,17425625,8490350,5158620.975104,11395722
24-JUL-2026,INE414G01012,MUTHOOT FINANCE LIMITED,MUTHOOTFIN,16050690,11824450,6836532.5869005,8411622
24-JUL-2026,INE298J01013,NIPPON L I A M LTD,NAM-INDIA,26863185,10844375,6649421.6680625,18870604
24-JUL-2026,INE139A01034,NATIONAL ALUMINIUM CO LTD,NATIONALUM,134225816,96984375,51611376.100875,75903149
24-JUL-2026,INE663F01032,INFO EDGE (I) LTD,NAUKRI,60691614,25359400,14877953.3548655,42779079
24-JUL-2026,INE095N01031,NBCC (INDIA) LIMITED,NBCC,154894704,176137000,110863802.836665,36286165
24-JUL-2026,INE239A01024,NESTLE INDIA LIMITED,NESTLEIND,84572244,27222000,13262573.838905,67081057
24-JUL-2026,INE848E01016,NHPC LTD,NHPC,491233252,285596350,140659307.258788,326012282
24-JUL-2026,INE584A01023,NMDC LTD.,NMDC,517037525,546358500,382656330.63067,108529318
24-JUL-2026,INE733E01010,NTPC LTD,NTPC,622821796,213234000,132343954.093975,459336752
24-JUL-2026,INE531F01023,NUVAMA WEALTH MANAGE LTD,NUVAMA,12525718,3910500,934293.896675,10965138
24-JUL-2026,INE388Y01029,FSN E COMMERCE VENTURES,NYKAA,192002004,70393750,47143043.37366875,135258860
24-JUL-2026,INE093I01010,OBEROI REALTY LIMITED,OBEROIRLTY,17614093,12416600,6225614.9613815,10507773
24-JUL-2026,INE881D01027,ORACLE FIN SERV SOFT LTD.,OFSS,3597590,5643700,1673692.768295,1744017
24-JUL-2026,INE274J01014,OIL INDIA LTD,OIL,105756420,34602400,17935238.81564,82533360
24-JUL-2026,INE213A01029,OIL AND NATURAL GAS CORP.,ONGC,775711816,192656250,88817916.8338825,648108308
24-JUL-2026,INE761H01022,PAGE INDUSTRIES LTD,PAGEIND,840421,478080,292808.4058404,505591
24-JUL-2026,INE619A01035,PATANJALI FOODS LIMITED,PATANJALI,51827925,63890475,32594475.22170225,16642053
24-JUL-2026,INE982J01020,ONE 97 COMMUNICATIONS LTD,PAYTM,69242766,61190725,26615842.57674425,39164785
24-JUL-2026,INE262H01021,PERSISTENT SYSTEMS LTD,PERSISTENT,16266167,9177000,4724878.8345875,10727979
24-JUL-2026,INE347G01014,PETRONET LNG LIMITED,PETRONET,112500013,51144200,31583668.327932,75291344
24-JUL-2026,INE134E01011,POWER FIN CORP LTD.,PFC,217835555,88246600,56965317.393441,149978459
24-JUL-2026,INE457L01029,PG ELECTROPLAST LTD,PGEL,24218545,27758050,11003676.679469,12003941
24-JUL-2026,INE211B01039,THE PHOENIX MILLS LTD,PHOENIXLTD,19281416,5282900,3489543.5781385,14827801
24-JUL-2026,INE318A01026,PIDILITE INDUSTRIES LTD,PIDILITIND,37147455,9896000,7821986.31591,27468095
24-JUL-2026,INE603J01030,PI INDUSTRIES LTD,PIIND,12267413,5431825,2938013.18340075,8716029
24-JUL-2026,INE160A01022,PUNJAB NATIONAL BANK,PNB,515822637,547048000,325437663.3308,164593841
24-JUL-2026,INE572E01012,PNB HOUSING FIN LTD.,PNBHOUSING,28124755,11951550,7721334.1170415,18997183
24-JUL-2026,INE417T01026,PB FINTECH LIMITED,POLICYBZR,69306030,16651950,10773016.1001435,55067712
24-JUL-2026,INE455K01017,POLYCAB INDIA LIMITED,POLYCAB,8695149,8048250,2797584.01595375,5462807
24-JUL-2026,INE752E01010,POWER GRID CORP. LTD.,POWERGRID,617741894,102852700,66180784.646953,520674014
24-JUL-2026,INE07Y701011,HITACHI ENERGY INDIA LTD,POWERINDIA,1917916,1341575,564162.1859115,1257858
24-JUL-2026,INE0BS701011,PREMIER ENERGIES LIMITED,PREMIERENE,24250573,12758200,6726402.7123035,16311641
24-JUL-2026,INE811K01011,PRESTIGE ESTATE LTD,PRESTIGE,25234534,7840350,5041557.552677,18931249
24-JUL-2026,INE944F01028,RADICO KHAITAN LTD,RADICO,12010217,1462500,644778.3081785,10764927
24-JUL-2026,INE976G01028,RBL BANK LIMITED,RBLBANK,92716710,86509225,48999720.09293725,39081154
24-JUL-2026,INE020B01018,REC LIMITED,RECLTD,187084550,82129950,46234147.28523525,131496175
24-JUL-2026,INE002A01018,RELIANCE INDUSTRIES LTD,RELIANCE,743077743,255613000,127692475.117225,578231380
24-JUL-2026,INE415G01027,RAIL VIKAS NIGAM LIMITED,RVNL,84941460,83242775,36961568.05081525,43732818
24-JUL-2026,INE114A01011,STEEL AUTHORITY OF INDIA,SAIL,216861410,252921100,204047571.880793,1970767
24-JUL-2026,INE018E01016,SBI CARDS & PAY SER LTD,SBICARD,44357301,49798400,23783539.430664,18355896
24-JUL-2026,INE123W01016,SBI LIFE INSURANCE CO LTD,SBILIFE,65556334,14439750,8356960.62093625,53921556
24-JUL-2026,INE062A01020,STATE BANK OF INDIA,SBIN,610396121,177245250,91583273.8179975,488293041
24-JUL-2026,INE070A01015,SHREE CEMENT LIMITED,SHREECEM,1351155,461025,322542.18002925,961055
24-JUL-2026,INE721A01047,SHRIRAM FINANCE LIMITED,SHRIRAMFIN,210590173,62576250,35984962.74920325,164075701
24-JUL-2026,INE003A01024,SIEMENS LTD,SIEMENS,13098712,6047300,3675238.21659675,8768538
24-JUL-2026,INE343H01029,SOLAR INDUSTRIES (I) LTD,SOLARINDS,3644817,1506750,845750.493277,2616825
24-JUL-2026,INE073K01018,SONA BLW PRECISION FRGS L,SONACOMS,67126548,33761000,15182307.90461275,48587912
24-JUL-2026,INE647A01010,SRF LTD,SRF,22113528,12529800,4846982.40053,16160869
24-JUL-2026,INE044A01036,SUN PHARMACEUTICAL IND L,SUNPHARMA,163832315,34109950,18502409.3776955,137138289
24-JUL-2026,INE195A01028,SUPREME INDUSTRIES LTD,SUPREMEIND,8921715,3775100,2167455.84190325,6308173
24-JUL-2026,INE040H01021,SUZLON ENERGY LIMITED,SUZLON,1815899573,843127600,437007056.012016,1288097538
24-JUL-2026,INE00H001014,SWIGGY LIMITED,SWIGGY,385925061,95540575,50059183.73417175,316569624
24-JUL-2026,INE192A01025,TATA CONSUMER PRODUCT LTD,TATACONSUM,89363174,29380450,18239322.935018,66655692
24-JUL-2026,INE670A01012,TATA ELXSI LIMITED,TATAELXSI,5242164,9231250,3445170.3195825,1534885
24-JUL-2026,INE245A01021,TATA POWER CO LTD,TATAPOWER,254712297,118834750,70231504.575978,171745177
24-JUL-2026,INE081A01020,TATA STEEL LIMITED,TATASTEEL,1069701787,371063000,206694037.289735,809522660
24-JUL-2026,INE467B01029,TATA CONSULTANCY SERV LT,TCS,153229333,86658750,40993806.86011575,104574059
24-JUL-2026,INE669C01036,TECH MAHINDRA LIMITED,TECHM,88069487,39749400,21026548.881728,62639463
24-JUL-2026,INE974X01010,TUBE INVEST OF INDIA LTD,TIINDIA,12628330,2902800,2005144.167564,9991769
24-JUL-2026,INE280A01028,TITAN COMPANY LIMITED,TITAN,44469515,13861050,6771767.8548845,35474271
24-JUL-2026,INE155A01022,TATA MOTORS PASS VEH LTD,TMPV,313941896,207012800,93621034.684832,204623766
24-JUL-2026,INE685A01028,TORRENT PHARMACEUTICALS L,TORNTPHARM,15384925,6666750,4774294.3678175,9841384
24-JUL-2026,INE849A01020,TRENT LTD,TRENT,39565447,25726500,12169320.18124025,25417854
24-JUL-2026,INE494B01023,TVS MOTOR COMPANY  LTD,TVSMOTOR,35422095,18930275,12915937.62223075,20735052
24-JUL-2026,INE481G01011,ULTRATECH CEMENT LIMITED,ULTRACEMCO,15773231,3755550,2155446.039396,12829123
24-JUL-2026,INE692A01016,UNION BANK OF INDIA,UNIONBANK,289041713,239038500,134771840.5895165,139817786
24-JUL-2026,INE854D01024,UNITED SPIRITS LIMITED,UNITDSPR,47269416,15996800,8807418.55826,36098526
24-JUL-2026,INE405E01023,UNO MINDA LIMITED,UNOMINDA,27399147,8091600,4835132.1298405,21194057
24-JUL-2026,INE628A01036,UPL LIMITED,UPL,84189026,50900575,30287183.81846745,49692390
24-JUL-2026,INE200M01039,VARUN BEVERAGES LIMITED,VBL,205781499,88933800,56964941.1622825,138527482
24-JUL-2026,INE205A01025,VEDANTA LIMITED,VEDL,254990097,130921750,59576321.545552,182664270
24-JUL-2026,INE01EA01019,VISHAL MEGA MART LIMITED,VMM,419720977,81475150,49144703.6666145,349590224
24-JUL-2026,INE226A01021,VOLTAS LTD,VOLTAS,34594689,15210000,8032804.2089575,24832150
24-JUL-2026,INE377N01017,WAAREE ENERGIES LIMITED,WAAREEENER,15451398,12981675,7701235.051838,6977593
24-JUL-2026,INE075A01022,WIPRO LTD,WIPRO,428949912,488349000,299669348.27122,107833068
24-JUL-2026,INE528G01035,YES BANK LIMITED,YESBANK,2995538014,2335081300,1344009618.569148,1501751494
24-JUL-2026,INE010B01027,ZYDUS LIFESCIENCES LTD,ZYDUSLIFE,36152910,16854300,10156070.494181,24189194
